"barcode","SampleType","RawCount","logCPM","total_mutations"
"TCGA-2K-A9WE","Primary Tumor",26174,9.09564104799647,60
"TCGA-2Z-A9J1","Primary Tumor",72633,10.6753176604408,100
"TCGA-2Z-A9J2","Primary Tumor",18871,10.173725441024,87
"TCGA-2Z-A9J3","Primary Tumor",58260,9.91508839997575,141
"TCGA-2Z-A9J5","Primary Tumor",35853,10.2820644360291,102
"TCGA-2Z-A9J6","Primary Tumor",86717,10.8325964151909,58
"TCGA-2Z-A9J7","Primary Tumor",55727,10.2974354277646,45
"TCGA-2Z-A9J8","Primary Tumor",26853,8.68957258905688,31
"TCGA-2Z-A9J9","Primary Tumor",57659,9.79179242874298,NA
"TCGA-2Z-A9JD","Primary Tumor",64783,10.7362897432066,113
"TCGA-2Z-A9JE","Primary Tumor",68979,10.6376613856639,NA
"TCGA-2Z-A9JG","Primary Tumor",81399,10.3372302800987,92
"TCGA-2Z-A9JI","Primary Tumor",14893,8.05910455451534,9
"TCGA-2Z-A9JJ","Primary Tumor",36261,9.27869979033359,19
"TCGA-2Z-A9JK","Primary Tumor",56713,9.76258413790483,88
"TCGA-2Z-A9JL","Primary Tumor",47710,9.79855699418231,NA
"TCGA-2Z-A9JM","Primary Tumor",44522,9.76037934947944,65
"TCGA-2Z-A9JN","Primary Tumor",17728,8.47297178989561,18
"TCGA-2Z-A9JO","Primary Tumor",21805,9.22301753493538,41
"TCGA-2Z-A9JP","Primary Tumor",55730,10.5370097037618,NA
"TCGA-2Z-A9JQ","Primary Tumor",54615,11.3694546923521,90
"TCGA-2Z-A9JR","Primary Tumor",64440,10.243828835528,56
"TCGA-2Z-A9JS","Primary Tumor",102307,10.4475705900932,130
"TCGA-2Z-A9JT","Primary Tumor",27899,10.7599089910296,NA
"TCGA-4A-A93W","Primary Tumor",51067,9.80449149105882,108
"TCGA-4A-A93X","Primary Tumor",50637,10.0727779557264,103
"TCGA-4A-A93Y","Primary Tumor",15828,8.41247984746791,28
"TCGA-5P-A9JU","Primary Tumor",26278,8.84314533376098,85
"TCGA-5P-A9JV","Primary Tumor",34192,9.15883834274138,NA
"TCGA-5P-A9JW","Primary Tumor",28433,9.42872170093792,88
"TCGA-5P-A9JY","Primary Tumor",55165,10.2598713481937,118
"TCGA-5P-A9JZ","Primary Tumor",73889,10.2448346146538,44
"TCGA-5P-A9K0","Primary Tumor",106717,10.8895622808183,95
"TCGA-5P-A9K2","Primary Tumor",16567,9.39632917962877,70
"TCGA-5P-A9K3","Primary Tumor",40347,10.0223533100831,70
"TCGA-5P-A9K4","Primary Tumor",65499,10.3431961158655,NA
"TCGA-5P-A9K6","Primary Tumor",71090,10.3468058044287,54
"TCGA-5P-A9K8","Primary Tumor",61027,9.91470410283549,21
"TCGA-5P-A9K9","Primary Tumor",21388,9.02811633888889,NA
"TCGA-5P-A9KA","Primary Tumor",55842,10.1792405520186,95
"TCGA-5P-A9KC","Primary Tumor",47574,9.68863507125758,82
"TCGA-5P-A9KE","Primary Tumor",77516,10.7270145489244,94
"TCGA-5P-A9KF","Primary Tumor",87414,10.4520816919785,73
"TCGA-5P-A9KH","Primary Tumor",13858,7.90522579276708,25
"TCGA-A4-7286","Primary Tumor",11055,9.63710602426678,40
"TCGA-A4-7287","Primary Tumor",32070,9.37508086439648,44
"TCGA-A4-7288","Primary Tumor",100665,10.8657570595011,73
"TCGA-A4-7583","Primary Tumor",111658,10.7923583775846,64
"TCGA-A4-7584","Primary Tumor",107646,10.9892811232952,75
"TCGA-A4-7585","Primary Tumor",25075,8.90551717328354,76
"TCGA-A4-7732","Primary Tumor",86670,10.7856680294052,48
"TCGA-A4-7734","Primary Tumor",129182,10.6788680331395,54
"TCGA-A4-7828","Primary Tumor",25014,9.18172320491669,33
"TCGA-A4-7915","Primary Tumor",25701,8.89218615178689,24
"TCGA-A4-7996","Primary Tumor",132868,10.4778221919261,86
"TCGA-A4-7997","Primary Tumor",71220,9.83006703310523,75
"TCGA-A4-8098","Primary Tumor",32339,9.27596873714995,87
"TCGA-A4-8310","Primary Tumor",35286,9.84876779930276,69
"TCGA-A4-8311","Primary Tumor",38873,9.97843750134545,55
"TCGA-A4-8312","Primary Tumor",36238,9.67814952127527,16
"TCGA-A4-8515","Primary Tumor",99898,10.8872267107103,57
"TCGA-A4-8516","Primary Tumor",100821,11.030883206502,NA
"TCGA-A4-8517","Primary Tumor",89327,11.0329157366974,86
"TCGA-A4-8518","Primary Tumor",21626,9.63806742343683,11
"TCGA-A4-8630","Primary Tumor",71641,10.3828246295098,59
"TCGA-A4-A48D","Primary Tumor",42783,10.5297915615529,117
"TCGA-A4-A4ZT","Primary Tumor",52790,10.3652129961126,62
"TCGA-A4-A4ZT","Solid Tissue Normal",14362,8.27345786270452,62
"TCGA-A4-A57E","Solid Tissue Normal",15652,8.65368023216573,87
"TCGA-A4-A57E","Primary Tumor",23146,9.35815484825368,87
"TCGA-A4-A5DU","Primary Tumor",43061,9.961516875076,33
"TCGA-A4-A5XZ","Primary Tumor",49116,10.3711922583482,57
"TCGA-A4-A5Y0","Primary Tumor",18342,8.77568329932035,62
"TCGA-A4-A5Y1","Primary Tumor",80207,9.56816502992444,75
"TCGA-A4-A6HP","Primary Tumor",80615,10.6455196572843,87
"TCGA-A4-A772","Primary Tumor",114240,10.7988282944454,48
"TCGA-A4-A7UZ","Primary Tumor",33694,9.35707698528032,73
"TCGA-AL-3466","Primary Tumor",6720,7.72552720876533,37
"TCGA-AL-3467","Primary Tumor",51993,9.71308963763546,14
"TCGA-AL-3468","Primary Tumor",51036,10.2442724782269,100
"TCGA-AL-3471","Primary Tumor",25971,9.44707185469591,NA
"TCGA-AL-3472","Primary Tumor",73896,10.1683604872189,54
"TCGA-AL-3473","Primary Tumor",54748,9.69525372855268,51
"TCGA-AL-7173","Primary Tumor",25674,9.26393002093987,61
"TCGA-AL-A5DJ","Primary Tumor",13011,8.40582783439256,37
"TCGA-AT-A5NU","Primary Tumor",134633,10.2955001834331,68
"TCGA-B1-5398","Primary Tumor",50086,9.90464471988106,118
"TCGA-B1-7332","Primary Tumor",153424,11.7649571247848,52
"TCGA-B1-A47M","Primary Tumor",60355,10.2296414745169,116
"TCGA-B1-A47N","Primary Tumor",38022,9.75438721307054,32
"TCGA-B1-A47O","Primary Tumor",28477,9.51324222900053,40
"TCGA-B1-A654","Primary Tumor",55893,10.255437094852,60
"TCGA-B1-A655","Primary Tumor",68983,10.3187114931768,98
"TCGA-B1-A656","Primary Tumor",65290,10.4760615821696,119
"TCGA-B1-A657","Primary Tumor",99414,10.5689581193857,80
"TCGA-B3-3925","Primary Tumor",47404,9.61232935050815,157
"TCGA-B3-3926","Primary Tumor",21521,8.73452158098052,9
"TCGA-B3-4103","Primary Tumor",68668,10.1375989636932,111
"TCGA-B3-4104","Primary Tumor",25668,9.1740039409137,163
"TCGA-B3-8121","Primary Tumor",34675,9.54850728039225,37
"TCGA-B3-A6W5","Primary Tumor",64275,10.0123956293933,33
"TCGA-B9-4113","Primary Tumor",60276,9.7074788635417,74
"TCGA-B9-4114","Primary Tumor",77039,10.3281907564096,79
"TCGA-B9-4115","Primary Tumor",101346,10.5008071728401,124
"TCGA-B9-4115","Solid Tissue Normal",46512,9.38231543041823,124
"TCGA-B9-4116","Primary Tumor",57353,9.47845067954071,93
"TCGA-B9-4117","Primary Tumor",64381,9.82304845405402,44
"TCGA-B9-4617","Primary Tumor",84467,10.9895640172482,57
"TCGA-B9-5155","Primary Tumor",116220,10.888065590467,107
"TCGA-B9-5156","Primary Tumor",71612,10.3204555400696,89
"TCGA-B9-7268","Primary Tumor",131524,11.1197532664381,52
"TCGA-B9-A44B","Primary Tumor",35998,9.84160855919651,164
"TCGA-B9-A5W7","Primary Tumor",115554,10.9137005720421,9
"TCGA-B9-A5W8","Primary Tumor",49392,10.3604132481951,53
"TCGA-B9-A5W9","Primary Tumor",77637,10.1845660512928,54
"TCGA-B9-A69E","Primary Tumor",27673,9.01766659034408,88
"TCGA-B9-A8YH","Primary Tumor",100601,10.3676598551871,106
"TCGA-B9-A8YI","Primary Tumor",31267,9.93096864412483,124
"TCGA-BQ-5875","Primary Tumor",37063,9.62793084630485,74
"TCGA-BQ-5875","Solid Tissue Normal",48827,9.42946457766574,74
"TCGA-BQ-5876","Primary Tumor",75098,11.1018148784044,74
"TCGA-BQ-5877","Solid Tissue Normal",42293,9.6492639909132,82
"TCGA-BQ-5877","Primary Tumor",59521,9.75818832791123,82
"TCGA-BQ-5878","Solid Tissue Normal",47222,9.4674279538352,102
"TCGA-BQ-5878","Primary Tumor",52847,9.55189656661676,102
"TCGA-BQ-5879","Primary Tumor",40965,9.16877895002321,24
"TCGA-BQ-5879","Solid Tissue Normal",45473,9.3699873860001,24
"TCGA-BQ-5880","Primary Tumor",26491,9.90271993953475,48
"TCGA-BQ-5881","Primary Tumor",43071,10.5342486948081,35
"TCGA-BQ-5882","Solid Tissue Normal",44811,9.5963292901267,64
"TCGA-BQ-5882","Primary Tumor",24821,8.60996036725989,64
"TCGA-BQ-5883","Primary Tumor",23311,8.61576548910407,20
"TCGA-BQ-5884","Primary Tumor",75851,9.89810226940658,43
"TCGA-BQ-5884","Solid Tissue Normal",37381,9.29751582027708,43
"TCGA-BQ-5885","Primary Tumor",16773,8.06654913868274,118
"TCGA-BQ-5886","Primary Tumor",58231,10.817533862026,65
"TCGA-BQ-5887","Solid Tissue Normal",57257,9.66517402719001,16
"TCGA-BQ-5887","Primary Tumor",49553,9.91876625414567,16
"TCGA-BQ-5888","Primary Tumor",19933,8.68175610205293,21
"TCGA-BQ-5888","Solid Tissue Normal",73104,10.1524948814545,21
"TCGA-BQ-5889","Primary Tumor",37416,9.25226909986431,54
"TCGA-BQ-5890","Primary Tumor",41971,9.52691510550091,84
"TCGA-BQ-5890","Solid Tissue Normal",33219,9.04135567455911,84
"TCGA-BQ-5891","Solid Tissue Normal",37875,9.09905869340322,27
"TCGA-BQ-5891","Primary Tumor",90268,10.3190896601881,27
"TCGA-BQ-5892","Primary Tumor",62458,10.1972999393421,63
"TCGA-BQ-5893","Primary Tumor",31467,9.10322577811306,48
"TCGA-BQ-5894","Primary Tumor",28103,8.9895465786227,22
"TCGA-BQ-5894","Solid Tissue Normal",51563,9.56414802791666,22
"TCGA-BQ-7044","Primary Tumor",103940,10.8939849838108,77
"TCGA-BQ-7044","Solid Tissue Normal",30461,9.1400651106948,77
"TCGA-BQ-7045","Solid Tissue Normal",37845,9.59343675147603,83
"TCGA-BQ-7045","Primary Tumor",20887,10.0858547979293,83
"TCGA-BQ-7046","Primary Tumor",63244,10.4741779574043,40
"TCGA-BQ-7046","Solid Tissue Normal",42715,9.26874777173689,40
"TCGA-BQ-7048","Primary Tumor",19468,8.94038572755846,67
"TCGA-BQ-7049","Primary Tumor",67417,10.2028000970001,14
"TCGA-BQ-7050","Primary Tumor",38420,9.56988655955939,18
"TCGA-BQ-7051","Solid Tissue Normal",53039,9.50456584942335,98
"TCGA-BQ-7051","Primary Tumor",134435,10.5421756324732,98
"TCGA-BQ-7053","Primary Tumor",68528,9.75687847211872,56
"TCGA-BQ-7055","Primary Tumor",56961,10.7360798106567,8
"TCGA-BQ-7055","Solid Tissue Normal",31141,8.95338771724805,8
"TCGA-BQ-7056","Primary Tumor",19805,8.24342206259391,33
"TCGA-BQ-7058","Primary Tumor",59163,10.8211784133771,67
"TCGA-BQ-7059","Solid Tissue Normal",36955,9.08553405254171,77
"TCGA-BQ-7059","Primary Tumor",87914,10.335783773369,77
"TCGA-BQ-7060","Primary Tumor",100814,10.7309619552814,35
"TCGA-BQ-7061","Primary Tumor",79738,10.1309191041155,86
"TCGA-BQ-7061","Solid Tissue Normal",38707,8.77975397005313,86
"TCGA-BQ-7062","Primary Tumor",150923,10.8806173080418,41
"TCGA-DW-5560","Primary Tumor",24518,8.71831479808297,28
"TCGA-DW-5561","Primary Tumor",147120,11.132333941864,39
"TCGA-DW-7834","Primary Tumor",132859,11.2991689865542,60
"TCGA-DW-7836","Primary Tumor",91153,10.6748651278054,46
"TCGA-DW-7837","Primary Tumor",85374,10.9951290168887,25
"TCGA-DW-7838","Primary Tumor",63630,10.2831024439017,88
"TCGA-DW-7839","Primary Tumor",188166,11.4078413742641,46
"TCGA-DW-7840","Primary Tumor",66574,10.5155183583426,90
"TCGA-DW-7841","Primary Tumor",80197,10.2358550645913,47
"TCGA-DW-7842","Primary Tumor",151689,11.0093027729739,25
"TCGA-DW-7963","Primary Tumor",24150,10.5590983294071,21
"TCGA-DZ-6131","Primary Tumor",46252,9.42800038045425,27
"TCGA-DZ-6131","Solid Tissue Normal",28995,9.12580230644686,27
"TCGA-DZ-6132","Solid Tissue Normal",47069,9.32502592852442,119
"TCGA-DZ-6132","Primary Tumor",40563,9.29112508974851,119
"TCGA-DZ-6133","Solid Tissue Normal",28370,8.99545049455717,98
"TCGA-DZ-6133","Primary Tumor",124864,10.6557495737817,98
"TCGA-DZ-6134","Primary Tumor",127104,10.7886211009095,45
"TCGA-DZ-6134","Solid Tissue Normal",30382,9.11165523722234,45
"TCGA-DZ-6135","Primary Tumor",134872,10.7307405528379,33
"TCGA-EV-5901","Primary Tumor",105129,10.2606905382119,45
"TCGA-EV-5902","Primary Tumor",35129,8.91112650288072,90
"TCGA-EV-5903","Primary Tumor",118742,11.0273760196798,115
"TCGA-F9-A4JJ","Primary Tumor",17120,8.47742040145327,41
"TCGA-F9-A7Q0","Primary Tumor",12528,7.9985993825053,14
"TCGA-F9-A7VF","Primary Tumor",47248,10.4947964282567,80
"TCGA-F9-A8NY","Primary Tumor",15733,8.37759251962198,48
"TCGA-F9-A97G","Primary Tumor",23950,9.04896326000741,71
"TCGA-G7-6789","Primary Tumor",37936,9.4918543122654,23
"TCGA-G7-6790","Primary Tumor",134374,11.0426987775584,77
"TCGA-G7-6792","Primary Tumor",121349,11.1483513350202,33
"TCGA-G7-6793","Primary Tumor",18086,8.25090682233406,29
"TCGA-G7-6795","Primary Tumor",48696,10.0850305377809,60
"TCGA-G7-6796","Primary Tumor",56110,10.5329383721107,52
"TCGA-G7-6797","Primary Tumor",70146,10.7157832820731,63
"TCGA-G7-7501","Primary Tumor",68399,10.0644635507485,37
"TCGA-G7-7502","Primary Tumor",92343,10.2362858083113,66
"TCGA-G7-A4TM","Primary Tumor",105489,10.6887659742005,37
"TCGA-G7-A8LB","Primary Tumor",38181,10.0066925788702,102
"TCGA-G7-A8LC","Primary Tumor",25789,9.33328480248836,14
"TCGA-G7-A8LD","Primary Tumor",48955,9.42971895207262,45
"TCGA-G7-A8LE","Primary Tumor",91456,10.3807059788732,82
"TCGA-GL-6846","Primary Tumor",136148,11.1198723654628,70
"TCGA-GL-6846","Solid Tissue Normal",41893,9.43539768952109,70
"TCGA-GL-7773","Primary Tumor",64817,10.2707098492762,129
"TCGA-GL-7966","Solid Tissue Normal",30023,9.33461103245085,34
"TCGA-GL-7966","Primary Tumor",22232,8.42912097460925,34
"TCGA-GL-8500","Primary Tumor",83370,10.7292861771293,89
"TCGA-GL-A4EM","Primary Tumor",20736,9.33412219810438,77
"TCGA-GL-A59R","Solid Tissue Normal",14366,8.61238263722839,107
"TCGA-GL-A59R","Primary Tumor",47422,10.3394691328455,107
"TCGA-GL-A59T","Primary Tumor",56563,10.4600685311596,83
"TCGA-GL-A9DC","Primary Tumor",52554,10.0424959572003,114
"TCGA-GL-A9DD","Primary Tumor",39341,9.70100518670077,104
"TCGA-GL-A9DE","Solid Tissue Normal",26011,8.60711534138938,114
"TCGA-GL-A9DE","Primary Tumor",57652,10.335598669891,114
"TCGA-HE-7128","Primary Tumor",70884,10.5620743333056,41
"TCGA-HE-7129","Primary Tumor",157006,10.9748146787485,42
"TCGA-HE-7130","Primary Tumor",13782,8.41376937858018,185
"TCGA-HE-A5NF","Primary Tumor",20134,9.59828950225636,76
"TCGA-HE-A5NH","Primary Tumor",35828,10.3603682500795,90
"TCGA-HE-A5NI","Primary Tumor",22992,9.84124906331882,126
"TCGA-HE-A5NJ","Primary Tumor",32031,9.9498213073952,73
"TCGA-HE-A5NK","Primary Tumor",13845,9.10935123387833,106
"TCGA-HE-A5NL","Primary Tumor",42198,10.4368708224715,87
"TCGA-IA-A40U","Primary Tumor",53646,10.1756069887309,51
"TCGA-IA-A40X","Primary Tumor",40251,9.80120213817769,27
"TCGA-IA-A40Y","Primary Tumor",11872,7.68964074129845,79
"TCGA-IA-A83S","Primary Tumor",37711,10.211456834658,141
"TCGA-IA-A83T","Primary Tumor",67177,10.2971362335849,59
"TCGA-IA-A83V","Primary Tumor",27553,9.62032059518285,65
"TCGA-IA-A83W","Primary Tumor",34957,9.5122235128574,75
"TCGA-IZ-8195","Primary Tumor",30851,9.88654037889064,74
"TCGA-IZ-8196","Primary Tumor",81510,10.7613066634036,91
"TCGA-IZ-A6M8","Primary Tumor",62473,10.6991233826992,82
"TCGA-IZ-A6M9","Primary Tumor",73448,10.5411410035017,60
"TCGA-J7-6720","Primary Tumor",91741,10.8150157249464,40
"TCGA-J7-8537","Primary Tumor",19268,8.60707370083227,45
"TCGA-J7-A8I2","Primary Tumor",10458,8.25202800101349,57
"TCGA-KV-A6GD","Primary Tumor",52331,9.96930197965714,60
"TCGA-KV-A6GE","Primary Tumor",80352,10.469131555479,40
"TCGA-KV-A74V","Primary Tumor",75840,10.5112788850555,20
"TCGA-MH-A55W","Primary Tumor",31730,10.1781997040931,101
"TCGA-MH-A55Z","Primary Tumor",66992,10.5942348382568,106
"TCGA-MH-A560","Primary Tumor",47493,10.7266630537984,55
"TCGA-MH-A561","Primary Tumor",94192,10.8822643219699,110
"TCGA-MH-A562","Primary Tumor",41547,10.0779689713473,71
"TCGA-MH-A854","Primary Tumor",42946,10.272577155895,128
"TCGA-MH-A855","Primary Tumor",40126,9.53778865710467,35
"TCGA-MH-A856","Primary Tumor",31263,9.62345639806497,75
"TCGA-MH-A857","Primary Tumor",23276,8.84780112460025,28
"TCGA-O9-A75Z","Primary Tumor",74841,10.2824063604372,16
"TCGA-P4-A5E6","Primary Tumor",34830,9.58218920591762,87
"TCGA-P4-A5E7","Primary Tumor",67799,10.1498662502144,100
"TCGA-P4-A5E8","Primary Tumor",14468,8.89272140820664,43
"TCGA-P4-A5E8","Solid Tissue Normal",9508,8.58566234501636,43
"TCGA-P4-A5EA","Primary Tumor",21657,9.07938915031706,66
"TCGA-P4-A5EB","Primary Tumor",50943,9.98557618516506,146
"TCGA-P4-A5ED","Solid Tissue Normal",19019,8.43674148470384,14
"TCGA-P4-A5ED","Primary Tumor",35271,9.55828927698827,14
"TCGA-P4-AAVK","Primary Tumor",85951,10.6843676718236,NA
"TCGA-P4-AAVL","Primary Tumor",33534,9.94978586750447,84
"TCGA-P4-AAVM","Primary Tumor",21627,10.0601451309835,57
"TCGA-P4-AAVO","Primary Tumor",16401,9.45848354829902,NA
"TCGA-PJ-A5Z8","Primary Tumor",36766,8.97478146354722,75
"TCGA-PJ-A5Z9","Primary Tumor",49196,10.5116726789474,64
"TCGA-Q2-A5QZ","Primary Tumor",32929,9.9192109209592,75
"TCGA-SX-A71R","Primary Tumor",56653,10.1093592984814,49
"TCGA-SX-A71S","Primary Tumor",94477,10.5141081958163,141
"TCGA-SX-A71U","Primary Tumor",52052,9.95787955956621,109
"TCGA-SX-A71V","Primary Tumor",50141,9.81083939967302,119
"TCGA-SX-A71W","Primary Tumor",105290,10.6491250093075,37
"TCGA-SX-A7SL","Primary Tumor",19285,9.08518655906013,97
"TCGA-SX-A7SM","Primary Tumor",46090,10.1185613219918,79
"TCGA-SX-A7SN","Primary Tumor",53557,10.3111630901242,114
"TCGA-SX-A7SO","Primary Tumor",62740,10.2188382530932,47
"TCGA-SX-A7SP","Primary Tumor",36128,9.21217506057141,85
"TCGA-SX-A7SQ","Primary Tumor",94413,10.787502862082,99
"TCGA-SX-A7SR","Primary Tumor",65242,10.3555945420267,90
"TCGA-SX-A7SS","Primary Tumor",21589,9.17180487790186,111
"TCGA-SX-A7SU","Primary Tumor",76502,10.5566509681553,46
"TCGA-UN-AAZ9","Primary Tumor",34864,9.05866237450589,25
"TCGA-UZ-A9PJ","Primary Tumor",100892,10.8169884670349,60
"TCGA-UZ-A9PK","Primary Tumor",101693,10.8081430634001,81
"TCGA-UZ-A9PL","Primary Tumor",63735,10.0991808888988,76
"TCGA-UZ-A9PM","Primary Tumor",51458,10.6604995217836,61
"TCGA-UZ-A9PN","Primary Tumor",48312,9.44564036092713,62
"TCGA-UZ-A9PO","Primary Tumor",49438,10.3560344559949,100
"TCGA-UZ-A9PP","Primary Tumor",121379,10.8680877511993,78
"TCGA-UZ-A9PQ","Primary Tumor",32050,9.04021266147616,NA
"TCGA-UZ-A9PR","Primary Tumor",109569,10.6963433035367,112
"TCGA-UZ-A9PS","Primary Tumor",37028,9.25430860278805,245
"TCGA-UZ-A9PS","Additional - New Primary",40887,9.80938659568164,245
"TCGA-UZ-A9PU","Primary Tumor",88414,10.4580278255857,59
"TCGA-UZ-A9PV","Primary Tumor",56395,9.64570914934233,61
"TCGA-UZ-A9PX","Primary Tumor",101942,10.6606178690222,110
"TCGA-UZ-A9PZ","Primary Tumor",47817,10.2289041357558,52
"TCGA-UZ-A9Q0","Primary Tumor",38002,10.380092613313,66
"TCGA-UZ-A9Q1","Primary Tumor",61729,10.4877541278089,91
"TCGA-V9-A7HT","Primary Tumor",21761,8.57775186014108,83
"TCGA-WN-A9G9","Primary Tumor",27212,9.43093735293285,66
"TCGA-WN-AB4C","Primary Tumor",7742,8.33710303018289,98
"TCGA-Y8-A894","Primary Tumor",79870,10.4586168927576,87
"TCGA-Y8-A895","Primary Tumor",48643,9.75078873621052,102
"TCGA-Y8-A896","Primary Tumor",23658,8.81205312219741,113
"TCGA-Y8-A897","Primary Tumor",59833,10.1488175453261,70
"TCGA-Y8-A898","Primary Tumor",36255,10.052187042025,78
"TCGA-Y8-A8RY","Solid Tissue Normal",32423,8.72022025879419,64
"TCGA-Y8-A8RY","Primary Tumor",69204,9.91856020907132,64
"TCGA-Y8-A8RZ","Primary Tumor",30787,9.50626470278702,70
"TCGA-Y8-A8S0","Primary Tumor",94509,10.6816690036801,42
"TCGA-Y8-A8S1","Primary Tumor",21984,9.61536032862317,60
